rmse_naive,rmse_model,mae_naive,mae_model,mape_naive,mape_model,rmse_improvement_pct,mae_improvement_pct,mape_improvement_pct
39.68112395647686,40.44357454974222,14.731584051036682,19.72761533652709,1.1420600099033835,1.520408247571658,-1.9214440450367187,-33.91374117122748,-33.128577691839695
