{
    "ks_statistic": 0.1648011431293165,
    "p_value": 0.0012512387859035935,
    "drift_detected": true
}