{
    "ks_statistic": 0.17927950729773054,
    "p_value": 0.00034098693243354107,
    "drift_detected": true
}