{
    "rmse_mean": 172.32815558123292,
    "rmse_std": 251.302424284197,
    "mae_mean": 141.41740871773874,
    "mae_std": 223.81200230928502
}