{
    "rmse_mean": 172.32815558123292,
    "rmse_std": 251.30242428419697,
    "mae_mean": 141.41740871773874,
    "mae_std": 223.81200230928502,
    "model": "RandomForest",
    "n_estimators": 300,
    "max_depth": 10,
    "min_samples_leaf": 5
}