{
    "rmse_mean": 172.3281555812329,
    "rmse_std": 251.30242428419697,
    "mae_mean": 141.4174087177387,
    "mae_std": 223.81200230928505
}