{
    "rmse_mean": 174.16442904075043,
    "rmse_std": 251.297111657057,
    "mae_mean": 143.59859986688156,
    "mae_std": 223.6045620019923
}